cust_id,age,gender,city,income_band,is_premium,join_date
1001,57,M,Chandigarh,Medium,N,2024-12-28
1002,47,F,Trivandrum,Low,N,2022-12-27
1003,33,M,Mumbai,Medium,N,2026-06-14
1004,26,M,Kolkata,Medium,N,2025-05-28
1005,39,M,Hyderabad,Medium,N,2024-10-06
1006,57,M,Gurgaon,High,Y,2023-12-05
1007,37,M,Jaipur,Medium,N,2023-07-29
1008,41,M,Bhopal,Medium,N,2026-05-28
1009,29,M,Coimbatore,Medium,N,2025-03-30
1010,29,F,Mumbai,High,Y,2026-09-01
1011,42,M,Coimbatore,Very High,Y,2025-01-17
1012,54,M,Patna,High,Y,2023-11-19
1013,58,F,Bangalore,Low,N,2024-02-20
1014,42,F,Coimbatore,Low,N,2023-08-08
1015,21,F,Noida,Medium,N,2026-11-16
1016,40,M,Noida,Medium,N,2023-08-12
1017,20,F,Indore,Low,N,2025-03-28
1018,42,M,Guwahati,Medium,N,2023-05-04
1019,48,M,Nagpur,Medium,N,2024-08-28
1020,56,M,Kolkata,Medium,N,2025-09-09
1021,20,M,Gurgaon,High,Y,2026-06-22
1022,39,F,Pune,Low,N,2025-11-05
1023,51,F,Ahmedabad,Low,N,2025-01-30
1024,30,M,Chandigarh,High,Y,2023-05-09
1025,40,M,Bangalore,Medium,N,2026-07-26
1026,43,M,Mysuru,High,Y,2026-06-26
1027,45,F,Jaipur,Medium,N,2022-01-19
1028,60,M,Ahmedabad,Low,N,2026-01-17
1029,46,M,Pune,High,Y,2026-02-14
1030,34,F,Trivandrum,High,Y,2026-06-06
1031,33,F,Chennai,High,Y,2023-02-01
1032,21,M,Visakhapatnam,Medium,N,2024-09-27
1033,55,F,Patna,Medium,N,2025-07-26
1034,25,F,Visakhapatnam,Medium,N,2024-04-30
1035,39,M,Ahmedabad,Low,N,2025-10-20
1036,27,F,Ahmedabad,Very High,Y,2025-09-16
1037,57,M,Surat,Low,N,2026-07-23
1038,36,F,Kochi,Very High,Y,2025-09-29
1039,22,M,Mumbai,Medium,N,2024-04-01
1040,43,M,Bhubaneswar,Low,N,2023-03-31
1041,32,M,Mysuru,Medium,N,2026-06-13
1042,27,F,Surat,High,Y,2023-12-26
1043,44,M,Gurgaon,High,Y,2026-08-06
1044,20,F,Surat,High,Y,2024-12-24
1045,38,M,Hyderabad,High,Y,2025-01-04
1046,46,M,Nagpur,High,Y,2023-12-12
1047,25,F,Noida,High,Y,2022-05-23
1048,26,M,Pune,Low,N,2024-07-05
1049,53,M,Mumbai,Medium,N,2024-04-07
1050,32,F,Mysuru,Low,N,2023-08-28
1051,35,M,Ahmedabad,Very High,Y,2026-02-05
1052,54,M,Bangalore,Very High,Y,2025-12-11
1053,58,M,Chandigarh,Low,N,2022-11-01
1054,22,M,Bhubaneswar,High,Y,2024-01-06
1055,20,F,Mumbai,Very High,Y,2026-03-01
1056,24,F,Coimbatore,Low,N,2022-10-18
1057,60,M,Ahmedabad,Medium,N,2022-04-12
1058,22,F,Patna,Very High,Y,2025-07-14
1059,47,M,Indore,Low,N,2024-05-16
1060,36,F,Mysuru,High,Y,2024-08-25
1061,44,M,Ahmedabad,Medium,N,2026-07-04
1062,52,M,Nagpur,Very High,Y,2024-08-31
1063,28,M,Trivandrum,Very High,Y,2024-04-21
1064,54,M,Bangalore,Very High,Y,2024-08-19
1065,32,M,Coimbatore,Medium,N,2024-07-30
1066,49,M,Bhubaneswar,High,Y,2024-10-23
1067,33,F,Noida,High,Y,2022-03-26
1068,26,M,Nagpur,Medium,N,2022-11-24
1069,32,F,Jaipur,High,Y,2024-03-26
1070,41,M,Guwahati,Low,N,2026-01-13
1071,58,F,Pune,Medium,N,2023-03-30
1072,39,F,Ahmedabad,Low,N,2023-09-21
1073,34,F,Patna,Low,N,2025-05-29
1074,36,M,Mumbai,Low,N,2025-03-23
1075,42,M,Nagpur,High,Y,2023-10-27
1076,44,F,Chandigarh,Medium,N,2022-01-12
1077,43,M,Chennai,High,Y,2025-03-02
1078,59,F,Chandigarh,Low,N,2022-10-31
1079,47,M,Indore,Medium,N,2025-08-09
1080,33,F,Guwahati,Medium,N,2024-09-01
1081,19,F,Coimbatore,High,Y,2025-08-16
1082,43,M,Chennai,Medium,N,2026-10-30
1083,25,F,Lucknow,Medium,N,2024-02-22
1084,27,M,Ahmedabad,High,Y,2022-02-12
1085,42,F,Pune,Medium,N,2024-08-01
1086,19,F,Bhubaneswar,Low,N,2022-12-09
1087,26,M,Mumbai,Low,N,2025-09-11
1088,42,M,Jaipur,High,Y,2023-05-13
1089,29,M,Bhubaneswar,Low,N,2022-12-30
1090,35,F,Hyderabad,High,Y,2024-06-09
1091,26,M,Chennai,Medium,N,2023-03-03
1092,53,F,Ahmedabad,Very High,Y,2024-10-01
1093,53,F,Bhopal,High,Y,2022-01-21
1094,51,M,Mysuru,Very High,Y,2023-02-11
1095,23,M,Kolkata,Medium,N,2023-09-11
1096,60,F,Pune,High,Y,2024-10-11
1097,57,F,Surat,Medium,N,2022-12-02
1098,59,M,Kolkata,Medium,N,2025-02-14
1099,46,M,Guwahati,Medium,N,2025-02-21
1100,25,M,Bangalore,High,Y,2023-02-03
1101,27,M,Jaipur,Very High,Y,2024-03-03
1102,26,M,Noida,High,Y,2023-12-16
1103,30,F,Bangalore,Medium,N,2022-02-20
1104,52,F,Chandigarh,Medium,N,2022-11-20
1105,51,F,Chennai,High,Y,2024-02-28
1106,41,F,Pune,Low,N,2022-05-21
1107,42,M,Gurgaon,Low,N,2023-04-15
1108,55,M,Indore,Medium,N,2024-02-26
1109,53,M,Gurgaon,Medium,N,2025-09-19
1110,58,F,Bhubaneswar,Medium,N,2024-08-21
1111,40,F,Coimbatore,Low,N,2024-10-04
1112,45,M,Mysuru,Low,N,2023-01-08
1113,53,M,Ahmedabad,Low,N,2026-05-07
1114,19,F,Surat,Very High,Y,2023-05-09
1115,53,F,Hyderabad,Medium,N,2026-04-12
1116,55,M,Indore,Medium,N,2026-08-20
1117,32,M,Pune,High,Y,2024-01-21
1118,21,F,Guwahati,Low,N,2025-03-25
1119,19,M,Bhopal,Very High,Y,2022-10-18
1120,23,M,Lucknow,High,Y,2026-07-30
1121,44,M,Visakhapatnam,Low,N,2025-03-13
1122,32,F,Mysuru,Medium,N,2022-04-16
1123,57,F,Bhubaneswar,High,Y,2025-12-14
1124,45,F,Gurgaon,Very High,Y,2023-11-01
1125,27,F,Bangalore,Medium,N,2026-08-09
1126,33,F,Guwahati,Medium,N,2022-01-02
1127,33,F,Hyderabad,Low,N,2023-08-12
1128,44,F,Hyderabad,Very High,Y,2023-10-06
1129,60,M,Chennai,Low,N,2022-03-31
1130,31,M,Noida,Very High,Y,2025-09-30
1131,50,M,Patna,Medium,N,2022-12-16
1132,57,M,Noida,Medium,N,2026-01-22
1133,50,M,Bhubaneswar,Medium,N,2025-07-10
1134,22,M,Gurgaon,Low,N,2025-10-06
1135,48,M,Pune,Low,N,2025-02-05
1136,55,F,Lucknow,Low,N,2026-05-29
1137,41,F,Hyderabad,Low,N,2024-11-28
1138,57,M,Visakhapatnam,High,Y,2024-06-27
1139,33,M,Pune,Medium,N,2022-06-08
1140,47,F,Pune,Low,N,2026-05-26
1141,54,M,Nagpur,Very High,Y,2024-08-16
1142,31,M,Lucknow,High,Y,2022-11-08
1143,50,F,Mumbai,Very High,Y,2025-06-18
1144,25,M,Trivandrum,Very High,Y,2023-03-21
1145,40,F,Jaipur,Low,N,2022-10-25
1146,46,M,Kolkata,Medium,N,2024-08-09
1147,20,F,Trivandrum,High,Y,2022-02-05
1148,60,F,Bhopal,High,Y,2025-01-12
1149,24,F,Noida,Low,N,2026-01-15
1150,46,M,Noida,High,Y,2025-11-09
1151,46,F,Delhi,Low,N,2025-04-10
1152,38,M,Noida,Low,N,2025-10-31
1153,48,M,Lucknow,Medium,N,2026-09-05
1154,29,M,Nagpur,Medium,N,2025-10-17
1155,46,M,Ahmedabad,Medium,N,2023-07-13
1156,43,F,Chennai,Low,N,2024-06-09
1157,57,F,Surat,High,Y,2022-05-21
1158,51,M,Coimbatore,Medium,N,2024-06-05
1159,19,M,Chennai,Low,N,2025-02-15
1160,45,F,Trivandrum,High,Y,2025-07-24
1161,31,M,Indore,Very High,Y,2023-12-27
1162,59,F,Chennai,High,Y,2025-05-28
1163,21,M,Coimbatore,High,Y,2024-11-15
1164,57,M,Surat,High,Y,2023-06-05
1165,24,F,Bangalore,Medium,N,2022-01-10
1166,26,M,Lucknow,Low,N,2024-09-10
1167,45,F,Visakhapatnam,Medium,N,2023-01-13
1168,27,M,Noida,Medium,N,2026-07-15
1169,55,M,Noida,Medium,N,2026-07-19
1170,51,M,Nagpur,High,Y,2023-11-13
1171,60,F,Delhi,Medium,N,2023-08-07
1172,42,M,Nagpur,Low,N,2022-06-01
1173,33,M,Ahmedabad,Low,N,2023-12-21
1174,50,M,Ahmedabad,High,Y,2024-12-08
1175,50,M,Hyderabad,Low,N,2025-03-23
1176,42,F,Delhi,High,Y,2024-05-08
1177,59,F,Nagpur,Medium,N,2025-08-09
1178,30,M,Noida,Medium,N,2026-05-23
1179,57,F,Kolkata,Medium,N,2022-02-19
1180,20,M,Chandigarh,High,Y,2023-10-26
1181,21,M,Coimbatore,Medium,N,2023-06-15
1182,55,M,Coimbatore,High,Y,2026-06-24
1183,35,F,Chennai,Medium,N,2024-12-19
1184,20,F,Chandigarh,Medium,N,2025-04-05
1185,20,F,Delhi,High,Y,2025-05-10
1186,46,F,Mumbai,High,Y,2024-05-06
1187,41,F,Ahmedabad,High,Y,2022-05-26
1188,55,F,Trivandrum,High,Y,2024-07-03
1189,50,F,Chennai,High,Y,2026-08-27
1190,51,F,Pune,High,Y,2024-09-19
1191,19,F,Surat,High,Y,2026-01-02
1192,37,M,Chennai,High,Y,2022-08-30
1193,20,F,Mumbai,High,Y,2023-08-04
1194,44,F,Patna,Medium,N,2023-11-18
1195,50,F,Bangalore,High,Y,2026-05-04
1196,24,F,Kolkata,Low,N,2023-04-28
1197,50,F,Pune,High,Y,2025-02-05
1198,22,F,Kolkata,High,Y,2025-06-03
1199,29,F,Chennai,Low,N,2023-11-04
1200,35,F,Patna,High,Y,2023-09-23
1201,56,F,Ahmedabad,Low,N,2023-10-23
1202,42,F,Jaipur,Medium,N,2023-10-24
1203,23,F,Coimbatore,High,Y,2025-12-26
1204,52,M,Mumbai,Low,N,2024-03-15
1205,24,M,Jaipur,High,Y,2026-08-06
1206,40,F,Mysuru,High,Y,2023-02-23
1207,29,F,Chandigarh,Medium,N,2024-09-14
1208,34,M,Mysuru,Low,N,2026-01-18
1209,51,F,Coimbatore,Medium,N,2025-03-29
1210,27,M,Noida,Medium,N,2026-03-27
1211,24,M,Pune,Very High,Y,2023-10-12
1212,34,M,Coimbatore,Medium,N,2024-08-26
1213,47,M,Mumbai,Medium,N,2023-08-13
1214,21,M,Guwahati,Medium,N,2025-01-05
1215,38,F,Jaipur,Medium,N,2023-05-24
1216,54,M,Bangalore,High,Y,2023-03-17
1217,37,F,Nagpur,Low,N,2025-07-01
1218,44,F,Nagpur,High,Y,2024-07-09
1219,21,M,Mumbai,Medium,N,2024-02-09
1220,37,M,Mumbai,Very High,Y,2025-09-05
1221,38,F,Bhubaneswar,Medium,N,2022-09-20
1222,50,M,Pune,Medium,N,2026-06-09
1223,25,M,Chandigarh,Very High,Y,2026-08-09
1224,59,F,Bhubaneswar,Low,N,2026-04-27
1225,51,F,Kolkata,Very High,Y,2025-10-29
1226,58,M,Noida,High,Y,2023-09-29
1227,57,F,Ahmedabad,Low,N,2025-04-05
1228,36,M,Ahmedabad,Medium,N,2026-11-12
1229,58,M,Noida,High,Y,2023-04-04
1230,19,M,Surat,Low,N,2024-09-25
1231,29,F,Coimbatore,Medium,N,2025-07-27
1232,46,F,Lucknow,Medium,N,2023-12-01
1233,43,F,Bhubaneswar,Medium,N,2022-10-29
1234,41,F,Guwahati,Low,N,2026-04-04
1235,49,F,Jaipur,High,Y,2026-05-23
1236,48,M,Noida,Very High,Y,2025-05-26
1237,60,M,Bhopal,Very High,Y,2025-01-30
1238,53,M,Trivandrum,High,Y,2023-07-08
1239,25,M,Chennai,Low,N,2022-10-15
1240,34,F,Coimbatore,High,Y,2025-04-05
1241,44,M,Noida,Low,N,2023-09-13
1242,20,F,Bhubaneswar,Low,N,2024-10-02
1243,19,M,Guwahati,Medium,N,2022-02-05
1244,30,F,Guwahati,Medium,N,2024-01-14
1245,23,F,Mumbai,High,Y,2026-10-31
1246,55,M,Kochi,High,Y,2022-12-19
1247,50,M,Mumbai,Medium,N,2026-08-27
1248,27,M,Pune,Medium,N,2022-03-14
1249,59,M,Mysuru,Very High,Y,2023-10-10
1250,53,F,Pune,Medium,N,2025-10-08
1251,37,M,Noida,Medium,N,2024-12-29
1252,34,M,Kolkata,Low,N,2023-03-01
1253,21,F,Indore,High,Y,2024-09-25
1254,38,M,Gurgaon,High,Y,2023-12-09
1255,42,M,Patna,Low,N,2023-07-15
1256,51,M,Nagpur,Low,N,2024-04-07
1257,42,M,Lucknow,High,Y,2026-07-24
1258,29,M,Noida,High,Y,2024-08-13
1259,26,F,Gurgaon,Medium,N,2023-06-01
1260,54,M,Patna,Very High,Y,2023-03-04
1261,56,M,Bhubaneswar,Low,N,2026-04-12
1262,58,M,Surat,Medium,N,2022-06-09
1263,38,M,Chennai,Very High,Y,2022-05-29
1264,53,M,Lucknow,Medium,N,2024-02-15
1265,43,F,Pune,Medium,N,2025-06-07
1266,53,M,Visakhapatnam,Medium,N,2026-10-02
1267,43,F,Lucknow,Medium,N,2026-05-05
1268,47,F,Mumbai,Very High,Y,2022-03-08
1269,36,M,Patna,Medium,N,2024-10-10
1270,36,M,Surat,High,Y,2023-01-16
1271,20,M,Trivandrum,Low,N,2022-02-27
1272,53,M,Chennai,Low,N,2025-07-06
1273,34,F,Patna,Low,N,2022-12-08
1274,59,M,Surat,High,Y,2025-02-27
1275,54,M,Nagpur,Medium,N,2023-12-28
1276,51,M,Noida,High,Y,2025-04-10
1277,22,M,Coimbatore,Medium,N,2024-02-09
1278,51,M,Visakhapatnam,Very High,Y,2023-09-06
1279,32,M,Coimbatore,Low,N,2025-05-17
1280,39,F,Gurgaon,High,Y,2022-12-20
1281,38,F,Visakhapatnam,High,Y,2026-02-03
1282,26,M,Gurgaon,High,Y,2022-04-26
1283,25,M,Kolkata,High,Y,2025-07-11
1284,21,M,Chandigarh,High,Y,2023-10-24
1285,35,F,Trivandrum,Medium,N,2026-01-05
1286,51,M,Visakhapatnam,Low,N,2026-04-21
1287,30,F,Gurgaon,Low,N,2023-03-29
1288,40,M,Hyderabad,Very High,Y,2026-02-09
1289,40,M,Chandigarh,Medium,N,2022-10-14
1290,48,M,Trivandrum,High,Y,2025-08-19
1291,56,M,Bhubaneswar,Medium,N,2024-10-13
1292,56,F,Ahmedabad,Low,N,2022-11-07
1293,26,F,Bangalore,Low,N,2022-07-27
1294,45,M,Delhi,High,Y,2023-09-10
1295,45,M,Bhopal,Medium,N,2023-03-22
1296,52,F,Bangalore,Low,N,2023-11-01
1297,39,F,Indore,Medium,N,2023-09-25
1298,48,F,Bhubaneswar,Low,N,2022-02-24
1299,51,F,Guwahati,Medium,N,2024-06-30
1300,46,M,Nagpur,Medium,N,2024-11-01
1301,51,F,Patna,High,Y,2023-10-19
1302,23,M,Mysuru,Medium,N,2025-11-24
1303,37,F,Trivandrum,Medium,N,2026-07-30
1304,22,F,Delhi,Low,N,2024-09-06
1305,53,F,Chandigarh,Low,N,2023-05-30
1306,35,F,Ahmedabad,Medium,N,2026-08-07
1307,46,F,Visakhapatnam,Medium,N,2026-04-15
1308,48,M,Mysuru,Medium,N,2022-08-25
1309,47,M,Chennai,Medium,N,2025-07-26
1310,24,F,Indore,High,Y,2022-12-14
1311,53,F,Bhubaneswar,High,Y,2023-09-19
1312,59,M,Patna,High,Y,2025-02-01
1313,55,F,Bhopal,Low,N,2023-09-22
1314,42,F,Visakhapatnam,Medium,N,2026-03-21
1315,47,M,Indore,Low,N,2025-06-25
1316,49,F,Delhi,Low,N,2022-12-30
1317,53,F,Indore,Very High,Y,2022-11-17
1318,51,M,Chandigarh,Low,N,2026-07-15
1319,39,M,Gurgaon,Medium,N,2022-10-13
1320,50,M,Indore,Medium,N,2022-05-29
1321,41,F,Chandigarh,High,Y,2025-01-12
1322,51,M,Patna,Medium,N,2023-02-10
1323,21,M,Patna,Low,N,2024-09-04
1324,36,M,Noida,Medium,N,2023-04-01
1325,43,M,Indore,Medium,N,2026-11-02
1326,60,M,Delhi,Low,N,2024-03-10
1327,49,M,Chennai,Medium,N,2025-03-30
1328,21,F,Jaipur,Low,N,2024-10-09
1329,58,F,Surat,Low,N,2024-02-23
1330,42,M,Nagpur,Medium,N,2023-04-05
1331,50,M,Mysuru,Low,N,2026-04-23
1332,40,M,Nagpur,Medium,N,2026-03-04
1333,41,F,Indore,High,Y,2024-01-08
1334,20,F,Jaipur,High,Y,2023-05-24
1335,45,F,Kochi,Low,N,2026-08-05
1336,60,F,Noida,Low,N,2023-04-26
1337,20,F,Nagpur,Low,N,2026-08-14
1338,44,F,Bhopal,Medium,N,2022-04-24
1339,35,F,Chennai,High,Y,2024-01-19
1340,58,F,Lucknow,Low,N,2026-05-21
1341,51,F,Nagpur,Very High,Y,2022-12-27
1342,27,M,Coimbatore,Low,N,2022-12-07
1343,57,M,Bhopal,Medium,N,2024-02-09
1344,47,M,Bangalore,High,Y,2024-01-31
1345,60,M,Patna,High,Y,2024-08-26
1346,44,F,Indore,High,Y,2023-03-25
1347,53,F,Bhopal,High,Y,2024-04-14
1348,43,M,Ahmedabad,Medium,N,2025-04-18
1349,42,F,Nagpur,High,Y,2026-09-22
1350,31,M,Mumbai,Low,N,2025-12-01
1351,25,F,Chennai,High,Y,2026-08-17
1352,54,M,Noida,Medium,N,2025-05-04
1353,38,F,Surat,High,Y,2026-01-29
1354,19,F,Delhi,Medium,N,2022-11-07
1355,26,M,Hyderabad,Medium,N,2022-09-19
1356,34,F,Kolkata,Medium,N,2025-12-13
1357,32,M,Kolkata,High,Y,2023-02-10
1358,30,M,Nagpur,Low,N,2022-05-23
1359,41,M,Lucknow,Low,N,2022-12-08
1360,33,M,Bangalore,Low,N,2025-09-01
1361,46,F,Chennai,Low,N,2025-01-29
1362,52,F,Surat,High,Y,2022-09-01
1363,20,F,Surat,Low,N,2023-05-05
1364,50,M,Bhopal,Very High,Y,2022-01-12
1365,41,F,Delhi,Medium,N,2025-06-16
1366,40,M,Noida,Low,N,2023-07-15
1367,43,F,Chennai,High,Y,2022-02-11
1368,40,F,Trivandrum,High,Y,2023-11-09
1369,40,F,Surat,Medium,N,2023-08-17
1370,60,M,Hyderabad,Medium,N,2025-12-23
1371,24,F,Mysuru,High,Y,2025-03-27
1372,33,F,Surat,Low,N,2025-05-24
1373,55,M,Noida,Very High,Y,2026-08-21
1374,51,F,Patna,Very High,Y,2026-01-25
1375,26,M,Trivandrum,High,Y,2022-05-14
1376,23,F,Coimbatore,Low,N,2024-12-26
1377,57,M,Pune,High,Y,2024-10-27
1378,22,M,Hyderabad,Low,N,2024-08-05
1379,24,F,Nagpur,Low,N,2026-03-30
1380,50,M,Chennai,Medium,N,2022-03-14
1381,48,M,Coimbatore,Medium,N,2023-02-03
1382,53,M,Noida,High,Y,2025-11-29
1383,58,M,Bangalore,High,Y,2026-08-26
1384,34,M,Hyderabad,High,Y,2023-08-01
1385,31,M,Mysuru,Medium,N,2024-05-08
1386,60,F,Lucknow,Medium,N,2022-05-10
1387,48,M,Mysuru,Medium,N,2024-07-19
1388,37,M,Lucknow,Very High,Y,2026-01-29
1389,35,F,Bhubaneswar,Low,N,2025-05-14
1390,37,F,Kochi,High,Y,2026-11-27
1391,46,F,Mumbai,Medium,N,2022-09-23
1392,44,F,Chandigarh,Medium,N,2026-04-10
1393,55,F,Pune,High,Y,2024-03-03
1394,44,F,Patna,Medium,N,2022-09-10
1395,41,F,Visakhapatnam,High,Y,2024-04-01
1396,27,M,Lucknow,Very High,Y,2025-08-05
1397,30,M,Surat,Medium,N,2022-06-13
1398,19,F,Kochi,Medium,N,2022-04-05
1399,19,M,Bhopal,Medium,N,2024-04-12
1400,52,M,Delhi,Very High,Y,2025-02-07
1401,50,M,Kolkata,Low,N,2022-12-02
1402,43,F,Delhi,Medium,N,2024-04-01
1403,58,F,Chennai,Medium,N,2022-08-26
1404,19,M,Surat,High,Y,2023-01-16
1405,34,F,Visakhapatnam,Low,N,2025-12-30
1406,57,M,Nagpur,High,Y,2024-06-17
1407,23,M,Kochi,Very High,Y,2023-04-28
1408,40,M,Nagpur,Low,N,2024-06-20
1409,47,M,Mumbai,Low,N,2024-11-14
1410,21,F,Bhopal,Very High,Y,2026-08-04
1411,30,F,Bangalore,Low,N,2025-02-14
1412,44,F,Chennai,High,Y,2023-04-27
1413,34,M,Coimbatore,Medium,N,2025-11-16
1414,55,F,Pune,Low,N,2024-07-05
1415,40,M,Chandigarh,High,Y,2024-09-20
1416,47,F,Bhubaneswar,Medium,N,2024-08-21
1417,32,M,Kolkata,Medium,N,2023-06-21
1418,46,M,Bangalore,Medium,N,2025-01-07
1419,23,M,Hyderabad,Medium,N,2026-05-23
1420,48,F,Surat,Low,N,2025-04-11
1421,23,F,Surat,Medium,N,2024-11-01
1422,30,F,Guwahati,Very High,Y,2022-05-08
1423,34,F,Chandigarh,Medium,N,2026-06-20
1424,44,M,Pune,High,Y,2022-04-02
1425,44,F,Pune,Medium,N,2026-08-04
1426,39,F,Ahmedabad,High,Y,2023-06-27
1427,57,M,Gurgaon,Low,N,2024-04-25
1428,54,M,Bangalore,Very High,Y,2026-04-05
1429,51,M,Visakhapatnam,Medium,N,2026-08-09
1430,48,F,Guwahati,Low,N,2024-09-15
1431,55,M,Hyderabad,Low,N,2023-03-23
1432,41,M,Chandigarh,Low,N,2023-01-25
1433,28,M,Patna,Medium,N,2023-11-03
1434,23,F,Guwahati,Medium,N,2022-02-12
1435,54,M,Mysuru,High,Y,2022-09-11
1436,52,F,Indore,Medium,N,2025-02-27
1437,49,F,Kolkata,Low,N,2024-12-19
1438,28,M,Mysuru,Medium,N,2023-10-25
1439,37,M,Lucknow,High,Y,2023-04-12
1440,50,F,Surat,Low,N,2022-10-14
1441,19,M,Indore,Low,N,2024-10-07
1442,23,M,Bhopal,Low,N,2026-03-21
1443,22,F,Nagpur,High,Y,2026-01-30
1444,34,F,Indore,High,Y,2024-02-17
1445,42,M,Lucknow,Medium,N,2022-12-11
1446,34,F,Gurgaon,High,Y,2023-10-04
1447,20,M,Noida,High,Y,2023-01-17
1448,46,M,Bangalore,Medium,N,2023-11-21
1449,50,M,Jaipur,High,Y,2025-06-30
1450,45,F,Trivandrum,Low,N,2024-12-15
1451,38,M,Delhi,Low,N,2026-01-26
1452,42,M,Gurgaon,Medium,N,2023-04-02
1453,30,M,Patna,Low,N,2024-09-09
1454,53,F,Patna,Medium,N,2022-03-24
1455,51,F,Bhubaneswar,Very High,Y,2025-01-27
1456,51,F,Lucknow,Low,N,2022-05-29
1457,55,F,Mumbai,Low,N,2025-09-14
1458,30,F,Jaipur,Medium,N,2025-03-25
1459,21,M,Bangalore,Very High,Y,2022-07-09
1460,19,F,Surat,Medium,N,2026-02-26
1461,51,F,Pune,Medium,N,2024-06-01
1462,58,F,Bhubaneswar,Low,N,2022-09-20
1463,28,M,Ahmedabad,Low,N,2025-01-08
1464,47,F,Bhopal,Very High,Y,2023-02-04
1465,31,F,Visakhapatnam,Very High,Y,2024-02-03
1466,30,M,Kolkata,Low,N,2023-09-01
1467,49,F,Mumbai,Very High,Y,2025-07-07
1468,20,M,Gurgaon,Medium,N,2026-12-01
1469,53,M,Ahmedabad,High,Y,2026-06-27
1470,41,M,Bangalore,Medium,N,2026-04-25
1471,35,M,Indore,Medium,N,2024-02-24
1472,44,M,Pune,Medium,N,2022-04-11
1473,26,F,Trivandrum,High,Y,2025-10-14
1474,47,M,Ahmedabad,Low,N,2025-11-04
1475,44,M,Guwahati,Low,N,2024-03-30
1476,28,F,Surat,Medium,N,2025-05-29
1477,44,M,Visakhapatnam,High,Y,2024-03-30
1478,52,F,Kolkata,Low,N,2023-02-24
1479,59,F,Patna,High,Y,2022-05-04
1480,25,F,Visakhapatnam,Very High,Y,2023-02-26
1481,22,M,Trivandrum,Low,N,2025-06-08
1482,29,M,Ahmedabad,High,Y,2026-09-10
1483,47,M,Noida,Medium,N,2024-12-22
1484,54,F,Bangalore,High,Y,2026-02-17
1485,43,M,Guwahati,Low,N,2026-07-10
1486,39,M,Jaipur,High,Y,2026-09-23
1487,54,M,Trivandrum,High,Y,2026-05-17
1488,28,F,Visakhapatnam,Very High,Y,2024-02-07
1489,55,F,Delhi,High,Y,2023-04-28
1490,27,M,Kolkata,Medium,N,2023-06-03
1491,42,M,Jaipur,Medium,N,2022-06-04
1492,53,M,Indore,High,Y,2022-04-02
1493,53,M,Visakhapatnam,Medium,N,2024-09-08
1494,54,F,Lucknow,Low,N,2026-03-30
1495,36,F,Bangalore,Very High,Y,2023-03-31
1496,57,F,Patna,High,Y,2026-10-31
1497,50,F,Bhubaneswar,High,Y,2023-08-21
1498,42,M,Chennai,Low,N,2026-07-27
1499,41,M,Nagpur,High,Y,2023-05-25
1500,50,M,Visakhapatnam,Medium,N,2025-04-21
